,,,,,,,,,,,,,,,,,,,
NOMBRE,MD5,SHA1,SHA256,SSDEEP,MITRE,THIP,PWATTS,EFWD,TCSAR,DIIA,IOHSPS,ILE,ASTSPD,PSTS,NAWD,TCAEOWR,KT,TPHTMC,Y
icap.py,9E7C29837DA25C37DFA51004D02CD92C,5F51C586A1E9E48FD4B7181101A1F457344A2E6F,D03A73DC27CD83618F09869B9E1DECF5D862757023EAE45708935C3E6D47D182,384:0uuUW3eOsyPkfYeODZPk2eOuceOEY7OblAKnX41kpml1o:0UYeOsaleODFleOuceOEY7OblAKnXW8X,Discovery,0,0,0,0,0,0,0,0,0,0,0,0,0,0
dnsd.py,E0F5C088A95B518DCE49B2539AF90B9E,AE5E2FCC17205F76EF3D9E7C1506CC33FD998123,EB7A457BC734558BE174ECFCD49343D4F41B3EE306F9E1004948807F7B893B82,48:Iy++Ou8e6zG2dGFLP+k6h8JBXHzSJxYkX+kQod4B2KS8joIRwm8:IgOu8V6HQuJ09uRY,Discovery,0,0,0,0,0,0,0,0,0,0,0,0,0,0
result.ejs,450E2F8AF68936D92157B3443B09DDA0,976D0E97E13966501098CB4556BA9974B080C1F4,177DD4C33C26806DE49BC32F0D4D5E4082BDF89BCE298E2428E6DF7CFCE38318,24:hP3UWZuBSfN2zL+RtJRRnIP7W7gA1wrwaL1w8w5qRRsQnRRZfaiMCHRYX8rYlNcX:t3UBwJUAYL+qNdUCHRPoNCvODC5,"Discovery
Defense evasion
",0,0,0,0,0,0,0,0,0,0,0,0,0,0
panel.ejs,D9AE1B3D1F82DE4571F028EC78A0DAB1,5CAF93E11FD4B389D33EF0D7CFE55CCC85D7E10B,FDCD689DB876AB0F59A334604564A3D88E28A19DFA9D731B6A9D378DB69075D4,384:RX/rdrLrKzeqYoKxz21L8HSeewxlNavJJWLcBYNKt8ZUzdWfcDhcKIqINd8ZUzdw:zrLrKaqYoJzTMUzd6aVDmMUzdc2VY,"Discovery
Defense evasion
",0,0,0,0,0,0,0,0,0,0,0,0,0,0
notfound.ejs,7E284F60FDB394EC04EA501B51A6AFC0,93F4D66147D78F2047535A03C4C1A6C15AB3FABE,3B14E05B78A9DDBAC30E6377E499BF26B5AEC9DC7C191C94F1821873E727A79C,3:qVodNsGGFkvvrRUey3MRJv0AEtolFxMdNIhlRUeyZWBF/+acWWGb:qkNsGSkHrCecMH0AEkxMfI3Cev+XfGb,"Discovery
Defense evasion
",0,0,0,0,0,0,0,0,0,0,0,0,0,0
login.ejs,487F8A4BB77B5E56751D279CC070E0D4,22C43B25B9D6775A243D74FDB2F1CABC3CA13FC7,B2790FA8CFAA615603F4F1A90202A85C69F094EF70EAFC2EA04AEE4825F5CBB6,12:hYviO3YAEnnyBLJD+ho4zJBL3S+/xL/D+CJR/zHWOQ4L3oJDy/xyUCJDVmD9kKRM:hYviKfJD+hBVxLrbQRNq4NO9zJuJ8eim,"Discovery
Defense evasion
",0,0,0,0,0,0,0,0,0,0,0,0,0,0
agents.ejs,B2496A9E7724F1E161A5D761D0B4CF8F,D0524264AE8EA8A8A5D0B3E97DD4B1492C8E5449,6B6583397AA13794DFA28DB55FEF0C4E9FEE4D6FB2D788447647CD1803213883,192:9JRB6dcdNZhZLrkXxkeMBHWt/xJThLHeXjp9Ap9PEp9mMp9mFKCdp9Mp9x098ZUY:/7BkXxk1HWtJJThLY098ZUzdWfcDhcK4,"Discovery
Defense evasion
",0,0,0,0,0,0,0,0,0,0,0,0,0,0
index.js,4B7A9AAC2C54E1DEAB2020F58DD1B840,47108D332AB1DDBE3ADD1D36AB01FE78C9C03108,DB4EBEE7961AE491F08A31DA5338F63059105303BFCB8CFE6896234FB60CD352,768:+Nt1QYQUkhE0VE9kK5/w5DtRanAkDGFh7iC:C2R,Discovery,0,0,0,0,0,0,0,0,0,0,0,0,0,0
stop dnsmasq,E5F6AEDA51D714D8EAD822847FEE2961,339F2ACADC2127FCACB838704C0DD660DF574567,55D4A38AB19E375B3032EC2B3EA3D6ACA679537043788EFDF9DA2BE38D00AD51,3:ss8K7Bi6/UECreeoiECAkoiECAp3EspGOBnDXyWRuvRKFWpGOn9EBvRKFOIJEJJ8:UK7Bd/UECHoiUkoiUp3YOBnDXFRuJKOT,"Discovery
",0,0,0,0,0,0,0,0,0,0,0,0,0,0
install_pachages.bat,0A800794592F1446590768631EA5F5C5,7D121A36EB9B7FD5765C2C9FBACD54A221D76C5A,B7D1A1E49C5B12AB546EFC930EB5739E758B0F7D588DE51907F80BEADAF2881A,12:CnAK1T1nANJ41r41BYc1If1Uc1nBM1hM15IX1fUfbJBVY7UPovCfUx:0AK1lANJ4GLYc4Sc7MLMH+hibJBVY7UU,Discovery,0,0,0,0,0,0,0,0,0,0,0,0,0,0
nstalling mongo_nodejs,4B08615AF28508466A49332E20F13CAB,65ED411DCE3788179D7A58D79506A32D7B42F251,82362854B4368D18658710800B4551328522FE86A8118BC3EC800A9060E45ED4,12:wDEsL7RbeMZCLmiyhBNpNycoLKv6bpNyTrsKv68:wDEsL7YpLmZBsn+6STrb68,Discovery,0,0,0,0,0,0,0,0,0,0,0,0,0,0
filesList,EBE542AE0E24387B3B23553C3BF47B60,7CED9B20EAED8A124603D0DE2321153DE008DBB6,8B3CD33E05BD420A3C444B06FEE46E4668B96D06A66FF148D9F08B28E2BDBB5A,3:xsVFZFKF9K4GOXTCbMJAWsjrSwvv:xsv7KFzGeCUzgHvv,Discovery,0,0,0,0,0,0,0,0,0,0,0,0,0,0
srvr.js,37FDFE356ADB362D253E7CA533018B51,7C995195D425F5E2E2070B4BAB15D67BCFDF505F,228D1F1D90F26B64AB57E220AE0D883DDC3887A861CC935993ED0472B6083F61,384:SNz4QeF7Z3zu7XqBuSUPRN7l9GIk9SWRBDZbsTcTl9KV4YokN54iSnFx:SN4QeK7mBDZbC273x,Discovery,0,0,0,0,0,0,0,0,0,0,0,0,0,0
ToggleSwitch.dll,FF7ED1E1C30D3233A5F5E8E02FA72E37,EBADBB23D69D85315952844553E8444D343613AC,4C511DA5FE13896CEADB731E79EF7E71F749340A4806C81447F7F0CDCDD02F36,768:pYzufXlKiyz581q7z4hkbzoJqXsqj60zCKHiGU1dP4f6GA4yfbwP7g+f7iFqTjjh:+zu/lUx7z48zoJOdjCKHiGU1dP4CPwPN,Discovery,0,0,0,0,0,0,0,0,0,0,0,0,0,0
srvr.js,37FDFE356ADB362D253E7CA533018B51,7C995195D425F5E2E2070B4BAB15D67BCFDF505F,228D1F1D90F26B64AB57E220AE0D883DDC3887A861CC935993ED0472B6083F61,384:SNz4QeF7Z3zu7XqBuSUPRN7l9GIk9SWRBDZbsTcTl9KV4YokN54iSnFx:SN4QeK7mBDZbC273x,Discovery,0,0,0,0,0,0,0,0,0,0,0,0,0,0
Read me.txt,DEBA3C7F9D3A1A7CF66E2F9D72C2DC89,3569A0205997C86832C1935F68FBE177D21425FC,B0A183C44CBB786139471588EF9F7119A6529922BF04A53931B96664F86A0E4E,24:65oqirgpaSSPWolVz8tcnfTIUiLE4wA/Bp/KrzBp0H+ggo5YG3mJJlbinjVZaA0b:65ospaSSPWoXz8vUhW9py5HllpK10R,Discovery,0,0,0,0,0,0,0,0,0,0,0,0,0,0
Login_v1.zip,A8D67D945CF03D221ABEAFEEE955804E,9751B6A7C8E30E9C719FDC008977C8E478A05055,EAF10233EA6333F8B0FF827148C8BE21B61F327B18D6E0E8899A4BCDB8ABEDE2,98304:k4s44/OQqMavLFhaVTVXUx6OcWjTUJnHR7eIhHGhgkC6r4jm7hhjdo9S:kX9qmU53jTOnHcyHGhBly4XyA,Discovery,0,0,0,0,0,0,0,0,0,0,0,0,0,0
ApplicationInsights.config,A42F76CEC7A9B274F5A911D950BEE048,E45C91FC169B079F80FA4B2A3472E7B1ECEF3DBF,87FF6AE94464D068B9A194B6555A48FDCE5FE1FB84F0EF4EFD2504C91D65B14B,96:KEwlTnunan9bWLiT61UOiACbRbebebcbZb36g+l9+SmR+3nK2nKYjeB+vjA+nO7v:v18W0K2nKYjDiiFVLk,"Discovery
Defense evasion",0,0,0,0,0,0,0,0,0,0,0,0,0,0
FoxPanel.csproj,50F7FF2B58D725B4C7B414EE987A44AE,71694BE0DC9823EEE4D62B8407D7B0482BA670D0,C16F4ACE55490FE60FE8E41DC1305A22AE3D6C15040979E439AE4D754EEC602B,384:7QABWMNuUwEgrRy1QJ48G6oYUkjbhfnwwfCmo5mKVRwrXrm+jYpv4JU:7QAZ8G6oYUkjbhfnwwfCmog7mpv4JU,Discovery,0,0,0,0,0,0,0,0,0,0,0,0,0,0
FoxPanel.csproj.user,2FAE1EEDA003D299FA246674B8255CFA,B7D8A991D167557DD5FD61DFD070AAE9635D1782,F50F6EFF3E2B3BFEE98B8A0151F9BB59825C5C4710138F3E2ECE039A3B2FD3CD,24:JdrK4+lAq7LSY6D5HQPi3VrYiZ+rYK2jLhrYKJEKYK2wAwdr5/vpQPkJja:3rYlPXSY6Dei3VrYiZ+rYxVYi5YKAwdK,"Discovery
Defense evasion
",0,0,0,0,0,0,0,0,0,0,0,0,0,0
Global.asax,B0C50C186C8B1499B33BD4B0FC9213F6,87D468805C14D24B7B33E76CDB7545541D2B5511,09ACEA7967BD7B56D2B4A2F795278558E72EE0C893741BE4BBE2C09576F34723,3:jFAkRMQcsNaqxdqNf1b0DcVCTRMQlwTBhF+y:jFAGLxQdZwwTR,Discovery,0,0,0,0,0,0,0,0,0,0,0,0,0,0
Global.asax.cs,56A9DDE9FBE3002F7398C020B93D7AE2,75BC7F262D4CB1F1EBAB8B13F0C229EE644B6231,4058A6F00A76860181418B5FA7FFCEDEDC9637CB19DC479ED263D861DB2E9D65,12:V/DGr4KKr2ns9KesrsfvresY3xXGHwEf+XTmXX4WSXaNZiUTCXQGCXqi+:Jo4KM2ndeO4eJ3lC+SXqX4ZNCXdCXm,Discovery,0,0,0,0,0,0,0,0,0,0,0,0,0,0
packages.config,F2FAB299D13E32EB9253CF3A72A95C79,49A92483C61BEDA48B55DBCBCCA19B0E0E5A8760,F16E61AD3A0FA30608925F9DB929863D354C560E1E101D13B0A5F940CC74BD8E,48:3DIH0DOEHbHNHULHa94HztHzGHz4KHzUKHzdHzyKHzM0HzBHzKMHzfFHz1Hzj/NJ:zIH0yEHbHNHeHaWHztHzGHz4KHzUKHzL,"Discovery
Defense evasion",0,0,0,0,0,0,0,0,0,0,0,0,0,0
Web.config,79F330518E97E008CECD7BE606773C84,1A1484195392DE2740878FC2D195DA5CDCFB9F43,64A75EBCAE8CF9F0D42A635F9495B4EFB434566F74CB5299CD0A5DE9B780EFDB,96:zGlnK2+UWMqEy2n2+EjjnXj0CjAXj0iQjfd:CnwMqEyhnzfAzKd,"Discovery
Defense evasion
",0,0,0,0,0,0,0,0,0,0,0,0,0,0
Web.Debug.config,C4E820A9D4E7539AF5DB2026384B565F,DF39FFFAE212E0B88B047D6329AE2D41DA44D57D,E77F65AD135E84D6496BD7F8FC1CF8574E10424385C8F6DF8FC2ED6D63005C52,24:8W+BPTP+ZEEc/DaPeMiEzxBDVt2s/CoUV3hMOj:2SZtsDAqEzvVt2GaCI,"Discovery
Defense evasion
",0,0,0,0,0,0,0,0,0,0,0,0,0,0
HighShell.aspx,888929F06CAD62B38120C13D5800B978,45390983EA1FAA1980442A8281B03F6D65552955,F7DDB07500CDE2D29C3B0A52D488D99B53CEA8DABC31947A7E01E387C22ED183,768:XBcvMNZ+jxkVE2lrFKexnmyII1rdm2ZA3/8qQxWQOkp6LeyU/p0Y:XpNomu2lrFfxnmyIIZdm2O3joWQOG6SH,Discovery,0,0,0,0,0,0,0,0,0,0,0,0,0,0
error4.aspx,36A17455105047026E37DE0D1A281257,D28C2D6875FA36B1F400D1AEF0A39EAAFBAD1563,FE9CDEF3C88F83B74512EC6400B7231D7295BDA78079B116627C4BC9B7A373E0,768:XBc/MXZ+1xksE2lr9/fxnmyIFJpmdm2ZV3HQAKOvFxLeyU/p0p:XXXem72lr9XxnmyIFWdm2T3HHKONxSyf,Discovery,0,0,0,0,0,0,0,0,0,0,0,0,0,0
ExpiredPassword.aspx,8214BD033B7830AE489F779DE2184D6E,7C8FDC068C58FF95B36BB7CF79F5F0EA80F16DAC,7DA82F6C51C370D57234EB7CFFCF4009F0B89268F403368CBCE9FAB879FCCDC0,96:j3ZEQEV5wYKRsqdwdnEMsA++nY8nLK+R9SFEavxnYXtMb3:jpGadsQwdndsA+QYKO+R90EixFb3,Discovery,0,0,0,0,0,0,0,0,0,0,0,0,0,0
MyMaster.aspx,ED9DF0D451824D2F17E85C3837667AC5,E0F97211BACB79EF304AD1AF0D09BBB00B8B33ED,E483EEE77FCC5EF11D5BF33A4179312753B62EC9A247DD14528CC797E7632D99,384:Y1vQ2RUkJqOBbq8k4ITU/thxjsg36ivDmmCMTGToSM9ZCJMLCLSIvpi7ZEZR49G:CxRUvO246ItHo2pDPT1NCLZM7GZR49G,Discovery,0,0,0,0,0,0,0,0,0,0,0,0,0,0
About.aspx.cs,DCD1B4C94F1ED1ADAE68039BBCCAF14F,B653C2603926BE680906BB8B671A90D2D5A77331,6194A378ED976EDD9574DFC73675A915A87B50ABE7063A1710B2D651AC2F6662,6:V/DsDr4KY1r2nsA+DWesAB6sAZ/Z3VEFFsZh5XxGSzpIogMo+HWLK:V/DGr4KKr2ns9KesZsm3Vsw5Q9f+HWm,Discovery,0,0,0,0,0,0,0,0,0,0,0,0,0,0
About.aspx,2555B7EA68649146A3AF85DACEF1218B,96C7926D60698BFBA82F3BE0ADB8EBC7439DC4C6,102393A8FFB77E84AFDBB753D4B6092D2C771C45713789E7AD3F349F03B2FBCD,12:jaq7nl3MyHsBl2dKS1WBAH4e62HAf8s/6CILzRrjRuIby:ja8nlcFBl2dKS1IISU99rdXy,Discovery,0,0,0,0,0,0,0,0,0,0,0,0,0,0
About.aspx.designer.cs,FFA9ED9F78F0C778A19F421D41418074,8C7B9D2EE130ED38C4D9610B194AA763D374CC51,BE6A817B568727D59D9E315BD5B71FC7D243C247C4E7B2DE28C976244C5C97B2,6:yjMbodj++ZqFRKrLazZQ/JJAfLEKc5j77MwT3VVZoXXr:GMbwjv4Kgljc5jvMK3Vkb,Discovery,0,0,0,0,0,0,0,0,0,0,0,0,0,0
Contact.aspx,42209DEF2F3DB925BD1A7D99F2C8DFBD,9E94A4D67A7378DEBF105EB3476DC4E730395850,92BC5C3FA47349AD099DD87FDAA488E3A4CB6B1A95BC0642B7103184744AC724,12:j1iT7nl3MyHll2dKSyvWBAH4e62HAf8s/6+FyXrIASAfNFaILy//rdNrlX9Bn4Vf:jkvnlc4l2dKS4IISUJbr5aIOZNrlNBnG,Discovery,0,0,0,0,0,0,0,0,0,0,0,0,0,0
Contact.aspx.cs,16C2B6A72AF9130563E7104C8D516F43,067F97F38B613E61CF9BF15CCB027B4BB84AC04B,9D133E36189DA8DDF1A08532E1E0ED2202A247E37C3B61E8838B7BACF063AA3E,6:V/DsDr4KY1r2nsA+DWesAB6sAZ/Z3VEFFskPES5XxGSzpIogMo+HWLK:V/DGr4KKr2ns9KesZsm3VsDj5Q9f+HWm,Discovery,0,0,0,0,0,0,0,0,0,0,0,0,0,0
Contact.aspx.designer.cs,AC29BE7B9FEE4D5BCCD491F2010227B2,380D3F84B7725A73C94A18092D05303C0419B0F,1CA98FE932C54F01C46FDE2E8E16C4C4B4EA04C11FA0E8463AB57D42A6BEFC34,6:yjMbodj++ZqFRKrLazZQ/JJAfLEKc5j77MwT3VV9BXr:GMbwjv4Kgljc5jvMK3V7Bb,Discovery,0,0,0,0,0,0,0,0,0,0,0,0,0,0
Default.aspx,202867FC8C9E307C155760891C38A22B,2F0A25B32CD1109973C9AF87877FCFC76B449F13,0B4FEF4BF992BF86DC5D1FCF9057902AA5B3152DA5808E3B859E91F1FBD23BAD,24:jgnlcvvl2dKSu5IISw0njUodm3g28axZf5u1F+ydmk2rTX1U3oSATr4fubrj2rTq:jDVvU+gwRgF+ydm3zP+ubK2Qy,Discovery,0,0,0,0,0,0,0,0,0,0,0,0,0,0
Default.aspx.cs,C1546067D979ED08035C7B4B6EB29B82,24B14ED47FF6EF888B96F7EA4A2998ED2F4F4D5C,8C92B9BB4687202A0F90FAC95ED2F64ABE8E47B14F32C307BEC4F82F76BEB351,6:V/DsDr4KY1r2nsA+DWesAB6sAZ/Z3VEFFsyXj8S5XxGSzpIogMo+HWLK:V/DGr4KKr2ns9KesZsm3VsPgS5Q9f+HL,Discovery,0,0,0,0,0,0,0,0,0,0,0,0,0,0
Default.aspx.designer.cs,B15167E8995AE7C231C2124CC299C148,94027F77C5C4D9C0C9E5C6BF9EEFD1A9BE0C850C,317A7DCB397DB2037411863F884CEB2548AE5FEE8702BF3A9C698D10DC2C0602,6:yjMbodj++ZqFRKrLazZQ/JJAfLEKc5j77MwT3VVyXA3Xr:GMbwjv4Kgljc5jvMK3Vcw3b,Discovery,0,0,0,0,0,0,0,0,0,0,0,0,0,0
Lap1.aspx,D8E3A4A70E70D23349641381854A6FC1,9DF9A3A50ECF5AD44F4DBB0D14525D64B7E0A04B,EB7B109DB7501A294238A5262DE00F303C44887F5CC6A4A63B58CC66E5A2C9AE,48:jXe1U+F8W1WMWEAP+FqBGRYLYVeYVGFCQZ2:jcU+qYHw+qMR7,Discovery,0,0,0,0,0,0,0,0,0,0,0,0,0,0
Poster.aspx,F87BB11666C2E674B91655313CDD14DC,9B0A588BC9ADA83506C31B85C7EB5D5321552CED,84F9794AC837CF24545BBBB1EFB1661CCD606139AF58FD0B63730F4E13F7DAA9,12:jxEEuFl2dKSCKepo4WhzCf2/LfKnDSf93dNU3p8V9ae/UHc3e2XtNBC6Cv0vGu:jxEEuFl2dKSbepo4WQ+1hdip8V4eIc3V,Discovery,0,0,0,0,0,0,0,0,0,0,0,0,0,0
AddPhoneNumber.aspx,9C0339660D00823662D2D64ADC326AA4,73D4D622B07A96EA694F873E1EA880FC861044A4,E613E5370BE2C78F2479826E6BA4DDE472E3FA3426D67073A96BF0718C7B12B5,24:jfnlc2vFl2dKSxUOIISUlEszSGBw5wwpfjo7DrXewmSxKyRR8b0iUL/G/y:jq2iwjpfKDNvvLQ/y,Discovery,0,0,0,0,0,0,0,0,0,0,0,0,0,0
Confirm.aspx,A835CE386F28DF271F1D7D39E547F9B0,2566565C64119DBE0D5AF7BFDCFE6EBC309EA991,48A4CFAE5A28026D7A21C9538C9AF08709700CD61ECB0651DE5C90B9B29431AF,24:j/JCnlcYl2dKSx6XwZIZvGAwA+srTtgLVF1j7OGAwssrTZevy:j/JR+mZA+sehssJsy,Discovery,0,0,0,0,0,0,0,0,0,0,0,0,0,0
Forgot.aspx,EAA087BC6284B5198082F13FC4CA2BCD,51507ED716C1D6654599252A0311EB5F4E787D4E,0EB6177180D1908CC4BC9660D9FD13388C61420B0213211E7F4787E62D33C0B1,24:jvpQnlcBl2dKSxUjXwZIZVSGvXGAw4Bw6/wwpf37DCHewMxKyRRNCU4buGAwXLbs:jxTD6jzGpfrDUcvLkPXLbVy,Discovery,0,0,0,0,0,0,0,0,0,0,0,0,0,0
Lockout.aspx,E0D8DA95E32A58DCCE8742402D8A58A4,AE3F6516F50AE95B890C43A8B23227D4610BC2C8,413025C99311152023507CA9290BB5074B5AC9A7D442437EE8F0DEA9E22D9D23,12:ja7nl3MyHml2dKSxKWBAH4e62HAfuXEYOMHRJnCQQ/TIby:jsnlc3l2dKSxKIIS2XnHRIsy,Discovery,0,0,0,0,0,0,0,0,0,0,0,0,0,0
Login.aspx.designer.cs,575A8A6604F733ADC055F340574CA383,FA60ED2FCB99CB584D6DFF433C7C2607C94939D6,14F87EE0187281A7EBE3D0671ADFFC7002F349136BD9706D5A35ED895241AB50,24:GMSv4KWuvMK3VxzvhWhxZcZghxZ8hxPIwrhxPvmDhxMEXaghxTHXadhxYSxNq2H:pA8CONw3mk+aCaa2H,Discovery,0,0,0,0,0,0,0,0,0,0,0,0,0,0
Manage.aspx.cs,ECFF6799B3D16A18DC3C9E45EE50C2BF,AE9A8A06D2B5298A812AAF9167981AC9CEC45932,45DC004176F1106FBBE0249AE3D04DD2BE9E98414F06D480482431C905FDD596,96:Jo4h2nVgd6t9x6GbdtlRYKgvDD2xzrS+R:9UV5bpgvPiv,Discovery,0,0,0,0,0,0,0,0,0,0,0,0,0,0
ManageLogins.aspx.designer.cs,FDF4D15BA87094D8158C9A22DB0E83F4,487B7FB3B30FCF5E398E2BB912B871BC59678334,78CD685BAC5B86AF38B65907AEA4F99B38C236676B91838701771C1E22861BA7,12:GMbwjv4KgljuvMK3VxUGyLZB+BIJTiNRhvpCNy5f:GMSv4KWuvMK3Vx87WhxZf,Discovery,0,0,0,0,0,0,0,0,0,0,0,0,0,0
ManagePassword.aspx.cs,FD0C282CB44AA1B4BF2A93E09B6A55C4,2186A2FB1580309A5A8BA035393DE750DF9D6EA9,4FC5E8015C302ACCAD985DD224952DB888B63E61BD1D1AED6EC2368BCC043515,48:Jo4h2ncC56veF6eUK6dReoSBOFGhF6e5yemnUosNpQx/M6edhpdvB:Jo4h2ncC56vjbdTlRYWTtOcbSvB,Discovery,0,0,0,0,0,0,0,0,0,0,0,0,0,0
Register.aspx.cs,02E82D75C627BC5888947A4F55BEFED3,6810E5C84A3F7791453E7E79225AFE7385883653,1BE67DEF5CC7FA9AC18F818298646D7A05B9EAED80F151C7A185B2C96D53E59D,24:Jo2ndeT6/Qlf3VxUXL0SS+HPAmx3O5upeF36IBPXnoTwg5s50wEHdsHo6F8hVeTu:Jo2ncT6qC/w6e5yeFKIusPCBaos8XepI,Discovery,0,0,0,0,0,0,0,0,0,0,0,0,0,0
RegisterExternalLogin.aspx,E0E924820254CDA2DE048D37F7F86F74,639CBFEE0CB6C63397FA7B9D6E318A04FD12F690,AD3A8CB1B7FBCCF2E226C2D2E5ACCA367EC193558F574BE6F54C9EC613A11639,24:j2X8KrxnlcdXBBl2dKSxXXDXwZIPSXUAzGADY5szSnAKuVHwwpfX7DinewsxKyRy:jwzrYVBDC8+kU6et0tpfLD08vLU3RIy,Discovery,0,0,0,0,0,0,0,0,0,0,0,0,0,0
ResetPassword.aspx.cs,B4DF7CE3A4D8C562A2CDFB00E7565EC4,6B1F967FEC9F3DB00BBE05F4C9C7B6F81D14CBFF,E39CD46329BADAD240535D17011202B60B45A0C521F8943B1F94E430984D283D,24:Jo2ndeT6/Qlf3VxZQHqFz+Hwkh/Amx3OZY10xkFS7H4p/RmbIWHk:Jo2ncT6qWQk+6eFWsMpJkE,Discovery,0,0,0,0,0,0,0,0,0,0,0,0,0,0
ResetPasswordConfirmation.aspx,63EA3C47F2CCEC6E7021457DD358F3A4,6B2AF43FC49698ACA9B2BEFBB999A3D6A6B98B46,4B7B58B60E41ADCBB453F0F084856F9C20E57254396DA849BE5065AA688FDADB,12:j37nl3MyHOBl2dKSxzf7WAwZAH4e62HO8s/90ebSncVF1jN+TBlIby:jLnlczBl2dKSxzjXwZIZj4vVF1jBy,Discovery,0,0,0,0,0,0,0,0,0,0,0,0,0,0
TwoFactorAuthenticationSignIn.aspx.designer.cs,E878C484334348F4B630E04E8A2C38D7,264AF3168989991818933ECB491D69DE091A03E0,AFF65EF8ACC9A2C4768F377F6437136959E1F73E91CA9E3EDA3275AEC054056D,24:GMSv4KWuvMK3Vx23hxZDIbhxj2toG9hxhPoSRhxZ1sErhxGBJBOMWhxZcZghxZ/A:pA8pIStoGzPo25m/BDOkskzj,Discovery,0,0,0,0,0,0,0,0,0,0,0,0,0,0
VerifyPhoneNumber.aspx.designer.cs,7C580C49F0CA9D746AA839606079964B,379FEAD64C884EB1530A013819DD06BCB22AF329,DF36F1B2C2D1F755516623F79F43BDCB2EE69EBB665A393FCEAA42087361A71A,24:GMSv4KWuvMK3VxGBWhxZbFrhxGP0ChxPJ:pA810JmPT,Discovery,0,0,0,0,0,0,0,0,0,0,0,0,0,0
license.txt,67AA8C0A568A74A49637AE2F95DAC203,29D124A34F3CA81CD6A1E4E92880B3B0FABFB912,78CA570720A9B4511E2D68FB81E43520D14A049366FD0EC0BB18096BB25249AD,24:nhrLHaH0yPPTtWJq1hYp9QHBsUv48Bk4/+dGxo3C8q4Fz:hHqlP51gQHBs5JTx3C8xFz,Discovery,0,0,0,0,0,0,0,0,0,0,0,0,0,0
readme.txt,E543B0F5D98E1C9CC825E488291D4EAD,4C4CC28931F8088BD106ED4DC7CC5D4D949AF4E1,C90A95771EBF4CF44CA754FCDC48486CC0FF40C68F8B509FB468EE106C8B5AE1,24:w/rYSXBqldj7N/2RletfpU4ZBzJVU44EP4OuduyoG:Cr1ql32RletRl9XyEP4jD,Discovery,0,0,0,0,0,0,0,0,0,0,0,0,0,0
PoisonText.txt,0D3D1FABD71D56A1770178180DBB723A,C9958FA88C6F2FEF4620842F7572852C97664A9F,0BD590CBCA8C35BE524BDA932FE7C1266D1BBAF5409E2644B049F7ADC06F33F4,768:VlmQUWEMV+sTiZu/nAIpZbxvlpSbq7yaGMaEsI7uKrwp3kQ6HANMMy9gBbG2Xwx:7m6HANMMy9g17c,Discovery,0,0,0,0,0,0,0,0,0,0,0,0,0,0
copying.txt,99F3B5B60D488B7F1A56E14BD13C76FE,F4DC0C3B183066767E8EE4B2DF64BA2B67287B13,2C3C3EF532828BCD42BB3127349625A25291FF5AE7E6F8D42E0FE9B5BE836A99,384:ojnBIk+x/vIqk0lkX6sT6AATeINgKP+nHQ41fgcmmItyOQeM9YfWEZJBfuo0:o7BJsPkOTeDnLqFXTflZJBfuo0,Discovery,0,0,0,0,0,0,0,0,0,0,0,0,0,0
EntityFramework.help.txt,DBE71C50019F67D4C27CCB12B5E7E609,9643A8B9EF02E741D110701845616BA5330F3762,EBFBC965F0AEC39DC1D32A59CAEBC410223F6F8A641E706E5F928B63C33A2F6A,24:f2mFTktNuV0egXVjCgkBzF8DMkYks1qnApdIXVc5m8yaQterHPeVsuhkaT:f2mFTykVAXVmggyDrOedXVUmH1tyvq,Discovery,0,0,0,0,0,0,0,0,0,0,0,0,0,0
ExpiredPassword.aspx,8214BD033B7830AE489F779DE2184D6E,7C8FDC068C58FF95B36BB7CF79F5F0EA80F16DAC,7DA82F6C51C370D57234EB7CFFCF4009F0B89268F403368CBCE9FAB879FCCDC0,96:j3ZEQEV5wYKRsqdwdnEMsA++nY8nLK+R9SFEavxnYXtMb3:jpGadsQwdndsA+QYKO+R90EixFb3,Discovery,0,0,0,0,0,0,0,0,0,0,0,0,0,0
IDManLib.dll,43538E83007A919DD8EE96655B2BEA38,49871B8C61DB4142926BF28C3B474C2E70ABAC4A,ECC0766B13F2B34D7C9FEDDA622F0E8F2AFF683D241545FDE1E39726330B6A1E,48:6mFvmUKVU1elA3QzwwKK7cpji24etBr/7ONFOPulUY0x38HI:/gUB1em1FI24etJcyY0B8,Discovery,0,0,0,0,0,0,0,0,0,0,0,0,0,0
Minion.dll,74A3092EF6B769F5B730E35CB66A3789,B6B688B58893738FC8AFE28884B321D4B7A17A4A,6E9C974440C1D23DFF28A5578C39004A543E4C60B772C62C50B593BC37EE4D3F,768:8RMnbMnhAWQ+dziRQDhyf4FUBzIU79bHqZt+hdtTgVcW:8RMngiWDhGIU79bHIt+ftAn,Discovery,0,0,0,0,0,0,0,0,0,0,0,0,0,0
Newtonsoft.Json.dll,F33CBE589B769956284868104686CC2D,2FB0BE100DE03680FC4309C9FA5A29E69397A980,973FD70CE48E5AC433A101B42871680C51E2FEBA2AEEC3D400DEA4115AF3A278,12288:WvS56CuBAXYxeeNvWHc3oY2osSeBTdb+:K07SAIxOhAVeBTdS,Discovery,0,0,0,0,0,0,0,0,0,0,0,0,0,0
main.css,BBF0CD1A94DAD5FFD9FFBF69FC38F441,CD6C92D8C6BCB48D8B74B23A8386F6136264A8CB,34D5E4F5D891C42E4FC57C48384619437206310FA23A155369A1C0D672B6AEE8,96:zvjAJzgKeGP3cfngoWlFzAjP+MX4xA8KaVUT/IaI7kIjLFVZEkxS1LPPzsEFkTAQ:Elk3X4UaViI3dS1LPPlkYji,Discovery,0,0,0,0,0,0,0,0,0,0,0,0,0,0
util.css,9CABF2D2CE5A30AE04A9A78140E4B73E,1CB5C5C9760FF75C095C00A93EC0887B2F093B94,27751CC48FB8C009D013FFB85F0F2B1DB36530791ECA74D317AEC90D34F09B39,1536:y/TqOtylZDCDHW8IbewCDYHy2P3EHuAor7EDH++:gaS2Q,Discovery,0,0,0,0,0,0,0,0,0,0,0,0,0,0
HELP-US-OUT.txt,A1E5BE58E81E919BA2E579CD1C65283E,4F7BF961F1BED448F6BA99AEB9219FABF930BA96,3034EBB0F7C42896648F5303E3499CD7DFE4DB010F9578FF45FB42AF2884ED6B,6:kMJ2y7FqR5E9BFHZD1Uzc8WzhpOXsrCstqJbbaWqrbx31OF1TKi3+i:kI2uq/WB1UzWVU8r9NrF1Fli,Discovery,0,0,0,0,0,0,0,0,0,0,0,0,0,0
Montserrat-Black.ttf,6D1796A9F798CED8961BAF3C79F894B6,B7553074657A5FFF0D17AFCD5A47C99116C72854,DA0B09317F1CEFFB9767876579B15DC4DC9F75784E678404AA80632B6771207D,6144:+ljzlYFkTPeIKtyatjUA8rfqlC1vLlejeviQ:OjzlYFyeIKwatjUaOvLleju,Discovery,0,0,0,0,0,0,0,0,0,0,0,0,0,0
HighShellLocal.aspx,32675A4A9EA3F8133149855105B30D7D,354DA47669365BFDE24F26154805C993D3EDFB03,1D7D35D1BBB5B1CF1A509F54E11EB724894797C91C8EDAE598F74EDFBF0AD34A,768:5bowluKlEH8BD/iEOU94Z9rU8B1Ms6cFqPGnEU38RwUkUSm7fyDc77cc30:Bowli8N/SRL1MSnEiB,Discovery,0,0,0,0,0,0,0,0,0,0,0,0,0,0
7za.exe,0184E6EBE133EF41A8CC6EF98A263712,CB9F603E061AEF833A2DB501AA8BA6BA007D768E,DD6D7AF00EF4CA89A319A230CDD094275C3A1D365807FE5B34133324BDAA0229,12288:rmJysC11szmzqS/Vf3gny3MhcGsnWrfATfkeafIO3rn1ExwnZE1f:r9s/zmT/my8zoW6ff4rn1ExwZE,Discovery,0,0,0,0,0,0,0,0,0,0,0,0,0,0
nbt.exe,F01A9A2D1E31332ED36C1A4D2839F412,90DA10004C8F6FAFDAA2CF18922670A745564F45,C9D5DC956841E000BFD8762E2F0B48B66C79B79500E894B4EFA7FB9BA17E4E9E,384:xl+ZbDOfdyXM5ceI8cmoGfOyGPkof7DPzwVkgt+kFab6BCXS2brlszQ:T+4f9I8YCGPkm7GYkEb4CXSwX,Discovery,0,0,0,0,0,0,0,0,0,0,0,0,0,0
rx.exe,46B4D31FCAFAAC43BC99C48140FA8AFE,3FB86FECAFFA675779A9FEDBF4AFBF9B80549653,A6A0FBFEE08367046D3D26FB4B4CF7779F7FB6EAF7E60E1D9B6BF31C5BE5B63E,3072:BqSNVTOa/8W5ehPo0K74Ln7QGxWabUTXj3NJIIEw5LQilc7:BqG9Oa/8Hhw0K74Ln8abIdJIIEC07,Discovery,0,0,0,0,0,0,0,0,0,0,0,0,0,0
main.js,43C8800A03CD32E9555549213408C2DB,C2459BBB6EE0B548995B17B68DF2402260639FB5,EDB237689BAF2E751C4D8CF064368C866D8C862E71D0DCE7964C6C55D10DA3BE,384:r2rpbtt6wsQiT9ViLzLzt4woCUhFRrPPM8/JrESpQchZOkqy:KdywstTyLz+BCUhnzM+JA2Qbkqy,Discovery,0,0,0,0,0,0,0,0,0,0,0,0,0,0
send.js,40053280D29285E2D43A78C1C89D35F2,DFB3B96EF8B9C5E7794DEB0939907525E33A1103,F10FFA495A537A71498AB62F0AA13823E4CEFEBDA3E6EB18D9B5E1399EABD366,96:AtiBY3JNzZIWpsxiiGlwoBQeDSxZuC/aRG/I:A1ZVDwo2n/uT,Discovery,0,0,0,0,0,0,0,0,0,0,0,0,0,0
utility.js,5847D0689CD53B0B57D269F2D810BA59,34BAAA9C0289D9B09827813BD451A40EC3A4EDBC,82492ACD3634BA38E82109DB7675D4B3445F903F60E5C72D5A2844C643AF9096,96:6i5m/+4+heTOgKpqU7XJfNTsZy9JKxNsc+kUDgN/y/VqFsuqrx0TaakqaLqqaicP:6ioW4+heTOgKc6ZRPK8GUDgk/VoJKx0f,Discovery,0,0,0,0,0,0,0,0,0,0,0,0,0,0
download.cs,2C8E65E5F6BC9D78D8CACE6ABB4C7C26,D8962AF22E1D677829EC47EB44E4F6F04ED83C36,EC0DD248BDFC4D8CC0ECB2C93FB7B1EB6CC25EA1D52C1D243907BFBB56ECF0DF,48:S7QVypKzwQXzBYDFeXA4hoQmPQTfCUQ03ezFR7TdEk6IGNsuR38RxfbVr7uxvfVy:yQVLzwQXzqYOQmPQLCUQ6WFRzvGNu2w,Discovery,0,0,0,0,0,0,0,0,0,0,0,0,0,0
IDManLib.dll,43538E83007A919DD8EE96655B2BEA38,49871B8C61DB4142926BF28C3B474C2E70ABAC4A,ECC0766B13F2B34D7C9FEDDA622F0E8F2AFF683D241545FDE1E39726330B6A1E,48:6mFvmUKVU1elA3QzwwKK7cpji24etBr/7ONFOPulUY0x38HI:/gUB1em1FI24etJcyY0B8,Discovery,0,0,0,0,0,0,0,0,0,0,0,0,0,0
IDManTypeInfo.h,D86DF70D34874F53F8671C9EA8D8063A,2B6267010EFA28E61E78CF4EA2B00B8059E76DA9,5D9C728EA3138DCA6FCF3D56A5679C4455CB791869F0B4DDF2AAC0A28FF5A829,192:nLHz2Wc637EaW0TYm7auXFOGNaW0TYm7JT5L0+aW0zYmbRLoaW0TYm7aDqXlsG1f:nzz2Wc637LXF7BLHXl18pa,Discovery,0,0,0,0,0,0,0,0,0,0,0,0,0,0
IDManTypeInfo.tlb,51C06D1E2B0510872F68447BE0C3B76E,07CD1DB53209CEEBC31C80760DE2E0B036074B6F,4088E8E2ACB957E298CDA66E9B48E9F94B695B87303444F8724D7CA13FB291F6,24:sEhHKkbQ7cb1X1bpWhNl23wAR8K+N8uyubiWRsofa2Pbgx6QKT4PA8JcD7McauaF:9vD1XGhNlKYLT5pdSZd,Discovery,0,0,0,0,0,0,0,0,0,0,0,0,0,0
IDManTypeInfo_i.c,380047EF93AF66CF7FC026EDD6159613,68319967D021AE9390296B2582C2720E5CD82A47,B7BF089C41777F6E2B6F007F6406942609E23CD15155EBFA4C8A17C8E440B77C,24:k2k0XpbZJmKhYpQDoHJYBLp2J2pxpMm/2PX16LNeRAONeCLCcfUulqa0b:93eKKQ0HJ+Mc6m/iAJKRCcfNYaM,Discovery,0,0,0,0,0,0,0,0,0,0,0,0,0,0
browserconfig.xml,A493BA0AA0B8EC8068D786D7248BB92C,974AEA18BDA5A95802C06B80126AB1D96D91D708,C348B0D6DF3D900EFEF7AE4B4DFC8B62B1737B04D09D4584FEF243211C266866,6:TMVBdRLW60OnmkQzTWRYgO+JONBqrMOr5MOr6VwLn:TMHdNWGSTWRYx2ONMrMgSOrtn,"Defense evasion
Discovery",0,0,0,0,0,0,0,0,0,0,0,0,0,0
site.webmanifest,108B826A6E1DABD16CDDDE2129AE13BC,DD18A28F6AAC2AF0A9DA25C4258D08D2AEC81A0C,8E844178FA96C8F4F32C0297DBDD4BE224CC90847CD4053879D8B5EEBB57681F,6:viNvXqoX0XB79mGoOezCU3hKvN8K2GTagGT4Swqn:+XNgBAGu3eN8YTaDTxhn,Discovery,0,0,0,0,0,0,0,0,0,0,0,0,0,0
UserLogin.cs,9676395ACDACCAE22C2E1957BB8DD0AB,19D9EA95C1326DDBC160B0B4A9A9DFD64CD859A2,E8725C76A11BB6157B00F67BBBA54D7A5D2FAE561915F5DBDCFEFCD47C140E5E,24:JokqF3HPASSedyM6KVVe33IyMx/I74DAieCpZMPDClPsSmplwIolgXjCnlTym/cV:JoXanMPr2ZMNKPivpZM7FpSFgXjajfId,Discovery,0,0,0,0,0,0,0,0,0,0,0,0,0,0
payload.dll,D6725D6F8C84AFCB2E7EABE4683E0512,3506CE5C88EE880B404618D7759271DED72453FE,E3E057465BB3A5CA29B4D3D4B0AAFBAD57506EE231E511FC1D6C2866DC4B0EC2,192:XDxQ0GZ0x3Kftt7aKFlxFjqU5ljTjGczpYp:TxHGmBK6gbqinjYp,Discovery,0,0,0,0,0,0,0,0,0,0,0,0,0,0
Quax_A_BOOT.IMA,BA02F4502D6CA67EA5033AEBCE28A36D,E66F030641E19797B6550577D9CFF11AC998A19C,6BC1D767C96B93518F185CFA1EEDE06FABE2C1C8968160A02E26B0FCEC4BC35B,24576:of91K8ChpC66XvP/pOK+FfgZ6rvI6cgeCX028BGH0h:o11KtpSXv529yGsgeCXIGUh,Discovery,0,0,0,0,0,0,0,0,0,0,0,0,0,0
builder.vcxproj,45AF840C95D82849D3F5340244C169AB,AD587D818DC1366107F9D63B002A9FB9CA82066E,98B67ED011998888A410DD079A5903DD50ACD46D87148D5618472C57C8265688,192:UmkjwIeBIIpBwHD/ZPc2/KPch/KPcb/ZPcE:Umkr/tH/i8/ia/t7,"Defense evasion
Discovery",0,0,0,0,0,0,0,0,0,0,0,0,0,0
builder.vcxproj.filters,9FD28237D11FA88656A68D4F69A4FC86,00B71C1C12CD177786765AA336EDC235A3B5D4D0,170B360621CD9B33205B2EF8BF0453B9ED9D4CB12BEE545085553E580A10D62D,12:MMHdsWim4+D02XmP4gQY1u3MzziG4DqwyglO0rWc5Czm8qwyglX7YFj2GzyZHIQg:JdZ4+KPRN1IMx4DtoMlWt2ZiZQ7x,"Defense evasion
Discovery",0,0,0,0,0,0,0,0,0,0,0,0,0,0
builder.vcxproj.user,B97115C31582BCB2B6AB5F6F834DB248,F75316DC9EE719D300A59BCB8A0F92B26C66B6BA,C65B2B1A71DCD26333D8DC209FFEB90A906DDD8BBAB6D45DADA8E3BC84C30226,3:JLWMNHU8LdgCj4JWzyWQHHALREDmNGzE+tR2T2K2VWPXxStKIPAG9:JiMVBdD4JJWS+YmUA+D2T2reKKyj9,"Defense evasion
Discovery",0,0,0,0,0,0,0,0,0,0,0,0,0,0
decryptor.exe,04DCE97942DFB520FB4C12527C82164B,0F25BF233A3E6B4A84AAD701FC8D50E28D2766F0,142CF75BC8DBFBD76F21F48B86ECBE11297E94071C9C55C1EE280D95C6AC6814,1536:THCXKoIcuow+zOOm3gQgXAcDAaX1fWgQhoSyg4b+3nmvJmu:TSRuoGOm3gQgXAOAaX1ugQhoSV4uUn,,0,0,0,0,0,0,0,0,0,0,0,0,0,0
decryptor.ilk,672C4CA028C069EDFF75EC66F64764FC,00143DC3610F7F4EF5CFA93CF2027CD988C1EBCA,E8B076719F648BAD33C02557ADB1825A0BFDA497A817B17A5FB3C699559B2577,6144:teHsCTeNHUSqAqtx6P3tw3BIWcEhXLO1nzzDeL6z/QJ2tHm2:8GUSfNiIWcEo1Ke,Discovery,0,0,0,0,0,0,0,0,0,0,0,0,0,0
decryptor.pdb,D28F6D860CC7415C725CAACA414A6A32,3823CF5C63B6D1BA15A3CA2581E83D830E63074B,6B8EF6ACB7D99764102DD29C2FC5D6305D2B0106A1247020FE5178985A5499F9,6144:Wyzo1eA/NiA1bBIwNbYq1FSni+akk/1H3rkor7r+P9L7yTU9/QcvxdJt1ZVHlzRD:n8DJIBiB5mdK1DrZLVp,Discovery,0,0,0,0,0,0,0,0,0,0,0,0,0,0
decryptor.cpp,5ECF84719D4591E19547A1C612C0FF97,572EE3BB2230EC5F03E70491EE7EFBC1F5E4EE85,F3828843E86F1BADCAC61588EDE41AB56A673A2FA8CB5D0123616AD018B2E670,192:VLf3OPSMMve7obHJ/O+e6LTLAjXJlOAzMiznn9rJnr:p3OpMvecbpGB6aZAs,Discovery,0,0,0,0,0,0,0,0,0,0,0,0,0,0
global_parameters.cpp,2969A9BFAFDDE71692B04F62A449B285,7CE56E03251B8DDF708E52626B1FA6C2D5B1E70A,DE067C2A047DD496892747009FBC9B84FDFADE0DB52CF74144C0E48D76E829D9,12:RAMDTLkJBc2aorB/bY656mAeQpqhADQOsClR2OVjNRupJ5y9fpMqq:RoJPdrB/06UmCpqhMps+lJ+DyVpa,Discovery,0,0,0,0,0,0,0,0,0,0,0,0,0,0
memory.h,7EA527A4698207576D5AB9C5E84F36B5,81C52C900B6FE3DB4A036ED71C86DA82DA59350B,906100AC3FDC6DBA798DB8F8A63F1B05E349F7930074BC14720BA6F7F1DEA79F,3:U1FQ/bLeUA9GKI3LJw9WVEGScFw2sF0fqNxzXhkKfxcvWAeshFc8LiAn:2+/blAkT3L+0uYFw2fszxkK5AWOFtiAn,Discovery,0,0,0,0,0,0,0,0,0,0,0,0,0,0
decryptor.Build.CppClean.log,B956B2A5A334C51EF66E16AEB1E205B9,162F6C98CBBE52927D45B68D13EEA4526D7E7CA3,7DFB37EF9F443E8E5A543DB8AF9323968BD5092DB151F1E5615141DB7972A236,24:I9F6F9FyeF5FPF7uFAFaFUwFpFeYi1VFUK5lVFUKpKVFUKrFUKGVFUKMKVFUK3r:Ibgbyknt7UeAn3cTJjTJkTJ5JGTJLTJb,Discovery,0,0,0,0,0,0,0,0,0,0,0,0,0,0
vc142.idb,589F676E8AB322721B121B2CBF5ED60C,EED1F3DE54A8EA6D9F7D18EA83FC2E8B9A9A5ED4,461D31A985BF9318E66042E65E4B99A9A59663C6DEE73F7A41C12118BF44ABE9,768:9BK7/xU76n46AV6TuE2WMJNVfuE2aMJN9aCgGBJ1F3qIMgGJsgGRUUKxG3bMiLKM:W469A0OiJxk8BjiVd+DVOY8wgqvn,Discovery,0,0,0,0,0,0,0,0,0,0,0,0,0,0
vc140.pdb,1D989CC2569F480181922FFAC46C8281,2C7C8D7C58B5B4C43E44F65E71D4A3921655E092,80A495DCD791F6D66830ACF83431662BE49D6967A142289C2AC3F2B595AC3DA1,6144:ypmpfpnYXCVo9CsCTo0mIL2IUxR0osaagzrKAYHD0tO58Dc0OyFFwv3oFd8J:ypmpfpYkL2IUxR0osaaMO58Dc0OHqw,Discovery,0,0,0,0,0,0,0,0,0,0,0,0,0,0
MetaRandom2.h,A58E04B2E5FA13B7A51BB8283E828FF6,F67163E408BEC42D1053F56A54A64E5C1E64C344,803CE8CED96F8E0C88005ABE2BCEC61A268C77C8E5F06748A9D3E563AD1B03BE,24:u6Lm3BIHv6y5pRxF/SxHNAqoDoAJRoALAoDoA1F+qoAnydNvmt:uwmuHvjzLSxHiLRTx+qdONvmt,Discovery,0,0,0,0,0,0,0,0,0,0,0,0,0,0
"DirectXApps.sdb",1894C5E9D158EF24C021D433C6F67BCE,B5874AFF6C806138590EE3AE84799E08EA8CDE26,5951E63D75704C6104D6DEC05393F25903422242966804A4F6DE32434BE0673A,24576:beDCn9jRbQjRO07v0Yj0+DDZDNC1UNHND9XdbdF0Zfm:ljRbcrv0YP,Discovery,0,0,0,0,0,0,0,0,0,0,0,0,0,0
AcRes.dll,979F7F4BF0CEBDA21316BAD62F76B47C,8B883DBA0B33E4EEFBDA1FAC86AE70CF125965A3,F510E9CE394D99DF01B93258C3A16586CD13295D13417372B4D040B6EAC8EF4E,3072:7xo/mc1wub7Yx7WcMvZlW6SHGePnpTNyj9eM1dMxOrUiiyAqfDJ:g1T73jGCAeD,Discovery,0,0,0,0,0,0,0,0,0,0,0,0,0,0
FXSEXT.ecf,18515F8DDAEE2750C81D768F2C0E7117,6F597C85E807C88D4BBF5DEE7996FFB1DF86825B,EB747D87C739BE28189684A84AFCF6026F83E10C572492093B1E2EFC573554BD,24:1ARfRtelqjqYiTUgT3riTYJ0oZAzZs3C/:12fRt8/CsJ0oZAzZsc,Discovery,0,0,0,0,0,0,0,0,0,0,0,0,0,0